{
    "Ackley": {
        "1.55": {
            "mean": 5.953697124303057,
            "std": 0.9004122779506787
        },
        "2.05": {
            "mean": 6.62756741187671,
            "std": 1.120216454278266
        },
        "3.55": {
            "mean": 16.162360977907277,
            "std": 0.9563357322952774
        }
    },
    "Griewank": {
        "1.55": {
            "mean": 0.23386865818411867,
            "std": 0.0583141418142761
        },
        "2.05": {
            "mean": 0.27236293176419146,
            "std": 0.07572265423515623
        },
        "3.55": {
            "mean": 0.5277195891305919,
            "std": 0.08425773858269572
        }
    }
}