{
    "Ackley": {
        "1.55": {
            "mean": 14.463911764226916,
            "std": 1.2174908398841673
        },
        "2.05": {
            "mean": 16.738392200455515,
            "std": 2.246768984384115
        },
        "3.55": {
            "mean": 19.701481950205064,
            "std": 0.4111572565259658
        }
    },
    "Griewank": {
        "1.55": {
            "mean": 0.9312570016527063,
            "std": 0.12239694226173232
        },
        "2.05": {
            "mean": 1.013784225312937,
            "std": 0.05850223877588439
        },
        "3.55": {
            "mean": 1.4066149761119042,
            "std": 0.09971845008422105
        }
    }
}