{
    "Ackley": {
        "0.1": {
            "mean": 0.9531840322705619,
            "std": 0.3622612040740204
        },
        "0.5": {
            "mean": 3.6474641270599144,
            "std": 0.49519098880480905
        },
        "0.7": {
            "mean": 4.348773990266813,
            "std": 0.8166350182134434
        }
    },
    "Griewank": {
        "0.1": {
            "mean": 0.06240088827249561,
            "std": 0.018257466433899132
        },
        "0.5": {
            "mean": 0.14783196871476412,
            "std": 0.04330687292666545
        },
        "0.7": {
            "mean": 0.16629462699010905,
            "std": 0.027486953502885325
        }
    }
}