{
    "Ackley": {
        "0.1": {
            "mean": 3.4503487867912206,
            "std": 0.31094416868461716
        },
        "0.5": {
            "mean": 9.539303127697988,
            "std": 0.7545482640139529
        },
        "0.7": {
            "mean": 11.159295823640207,
            "std": 1.1626736059026062
        }
    },
    "Griewank": {
        "0.1": {
            "mean": 0.33999424625802577,
            "std": 0.0802578720656528
        },
        "0.5": {
            "mean": 0.6293296278612532,
            "std": 0.1526893634439996
        },
        "0.7": {
            "mean": 0.7627290108907439,
            "std": 0.10900976201679434
        }
    }
}